appoint_no,appoint_date,appoint_time,rec_id
0001,2022/4/17,07:38:49,165
0002,2022/6/19,13:16:58,048
0003,2022/9/27,08:56:26,244
0004,2022/2/11,16:30:45,118
0005,2022/8/18,00:45:52,298
0006,2022/11/25,03:40:37,281
0007,2022/2/6,00:59:40,251
0008,2022/10/25,17:49:55,153
0009,2022/6/12,13:51:35,277
0010,2022/2/2,01:48:44,059
0011,2022/11/14,05:02:03,310
0012,2022/2/7,10:41:31,077
0013,2022/4/20,21:57:06,300
0014,2022/2/4,16:46:24,315
0015,2022/3/2,15:10:02,322
0016,2022/11/7,01:05:44,067
0017,2022/7/24,09:13:22,261
0018,2022/5/18,04:13:38,257
0019,2022/9/1,07:13:12,092
0020,2022/6/11,02:08:44,250
0021,2022/6/5,13:44:37,069
0022,2022/6/16,08:45:31,159
0023,2022/7/21,13:19:51,209
0024,2022/6/18,23:58:52,217
0025,2022/10/6,04:54:39,303
0026,2022/11/25,17:03:36,122
0027,2022/1/8,09:12:45,112
0028,2022/1/26,02:43:40,047
0029,2022/3/17,08:50:47,084
0030,2022/1/13,17:29:52,072
0031,2022/5/8,17:08:56,103
0032,2022/6/5,10:42:55,108
0033,2022/2/24,15:17:20,191
0034,2022/6/19,18:26:18,102
0035,2022/4/26,05:40:49,043
0036,2022/9/20,22:15:20,174
0037,2022/9/22,06:53:35,137
0038,2022/6/27,03:08:07,267
0039,2022/3/18,07:18:08,280
0040,2022/3/24,05:40:05,167
0041,2022/7/20,08:43:59,097
0042,2022/8/25,03:16:57,085
0043,2022/7/6,19:13:21,304
0044,2022/9/2,05:32:07,104
0045,2022/4/1,10:52:01,196
0046,2022/9/4,10:25:09,094
0047,2022/10/10,23:20:16,161
0048,2022/7/24,09:32:18,083
0049,2022/7/8,22:27:56,248
0050,2022/6/15,22:54:41,163
0051,2022/4/27,18:10:06,095
0052,2022/2/6,19:07:29,323
0053,2022/2/13,07:05:12,211
0054,2022/5/2,12:45:45,241
0055,2022/11/9,05:00:26,149
0056,2022/7/23,20:26:58,262
0057,2022/9/4,14:46:02,115
0058,2022/8/1,01:00:52,058
0059,2022/2/23,02:26:33,113
0060,2022/4/16,07:42:02,237
0061,2022/5/14,00:46:31,327
0062,2022/2/25,19:39:44,177
0063,2022/1/22,13:04:00,166
0064,2022/11/7,14:34:56,254
0065,2022/7/16,04:54:44,221
0066,2022/9/14,22:29:56,176
0067,2022/3/17,06:10:03,079
0068,2022/4/22,12:33:21,246
0069,2022/9/24,19:47:03,305
0070,2022/5/10,03:31:27,283
0071,2022/4/27,22:12:43,260
0072,2022/11/18,12:46:58,276
0073,2022/6/27,23:40:21,142
0074,2022/10/26,06:43:53,178
0075,2022/9/17,17:57:24,287
0076,2022/2/22,23:22:56,291
0077,2022/1/23,12:14:02,154
0078,2022/5/18,14:41:05,279
0079,2022/11/8,17:41:52,294
0080,2022/4/4,18:05:18,179
0081,2022/4/4,00:50:09,306
0082,2022/2/26,12:50:38,316
0083,2022/4/2,04:29:30,317
0084,2022/2/27,04:17:44,090
0085,2022/4/25,15:44:48,213
0086,2022/1/3,04:13:13,185
0087,2022/6/2,02:16:39,328
0088,2022/2/8,21:09:01,272
0089,2022/10/4,10:59:49,156
0090,2022/4/3,09:10:54,230
0091,2022/10/6,20:20:32,128
0092,2022/1/6,00:22:38,105
0093,2022/1/3,00:58:08,292
0094,2022/6/6,15:18:09,226
0095,2022/2/3,23:25:21,232
0096,2022/10/8,05:11:12,081
0097,2022/8/19,11:38:13,155
0098,2022/10/5,23:13:50,114
0099,2022/9/11,11:23:06,184
0100,2022/2/4,01:54:58,239
0101,2022/2/8,15:56:04,100
0102,2022/6/14,22:32:58,289
0103,2022/10/8,21:14:56,215
0104,2022/8/14,15:37:42,091
0105,2022/7/15,02:36:17,098
0106,2022/5/2,12:07:12,147
0107,2022/8/26,18:26:20,049
0108,2022/10/1,15:51:15,308
0109,2022/10/2,10:34:30,064
0110,2022/8/4,07:31:55,195
0111,2022/7/15,17:20:19,054
0112,2022/3/26,22:00:05,076
0113,2022/4/18,10:30:09,110
0114,2022/9/5,01:44:27,204
0115,2022/2/1,00:23:55,075
0116,2022/10/20,20:25:21,229
0117,2022/7/10,23:43:39,107
0118,2022/6/20,03:11:16,268
0119,2022/3/9,02:18:39,333
0120,2022/8/21,01:56:13,331
0121,2022/11/2,17:44:37,222
0122,2022/4/17,04:30:08,055
0123,2022/9/15,15:29:33,334
0124,2022/3/16,20:54:32,329
0125,2022/8/18,17:04:48,096
0126,2022/1/25,21:42:55,240
0127,2022/7/5,06:38:12,278
0128,2022/2/22,03:45:05,117
0129,2022/7/19,06:46:34,199
0130,2022/6/15,02:17:43,063
0131,2022/6/2,16:56:37,132
0132,2022/10/10,15:38:31,106
0133,2022/1/3,17:25:58,228
0134,2022/4/20,11:23:24,290
0135,2022/3/8,06:30:56,311
0136,2022/8/19,10:10:22,299
0137,2022/7/13,17:52:51,140
0138,2022/4/21,03:04:36,141
0139,2022/5/7,02:11:59,326
0140,2022/6/5,05:04:59,160
0141,2022/5/18,19:12:37,202
0142,2022/3/9,14:48:55,125
0143,2022/1/18,22:37:14,321
0144,2022/10/25,13:39:57,324
0145,2022/4/10,05:43:33,293
0146,2022/6/18,00:45:42,060
0147,2022/1/11,23:56:00,189
0148,2022/6/9,07:52:21,082
0149,2022/6/5,01:21:44,269
0150,2022/11/26,12:06:58,275
0151,2022/2/13,02:15:30,214
0152,2022/10/13,17:35:54,135
0153,2022/9/26,19:32:16,256
0154,2022/10/3,17:26:42,320
0155,2022/5/20,20:32:26,061
0156,2022/2/17,14:42:38,297
0157,2022/1/12,21:22:51,219
0158,2022/7/4,11:22:48,208
0159,2022/7/25,22:12:12,168
0160,2022/2/21,12:36:51,332
0161,2022/2/3,05:04:25,270
0162,2022/4/21,21:18:33,302
0163,2022/5/20,04:27:35,338
0164,2022/7/10,15:31:46,170
0165,2022/10/19,16:59:05,089
0166,2022/2/17,10:06:55,193
0167,2022/11/18,22:13:59,252
0168,2022/6/14,08:26:05,197
0169,2022/7/10,07:12:14,070
0170,2022/4/8,00:30:25,190
0171,2022/5/13,06:00:32,187
0172,2022/1/11,21:17:14,201
0173,2022/3/14,20:10:20,146
0174,2022/2/13,08:24:50,042
0175,2022/9/10,00:24:40,121
0176,2022/7/18,02:37:22,200
0177,2022/3/26,13:15:35,066
0178,2022/11/24,18:35:28,301
0179,2022/7/25,16:28:17,046
0180,2022/8/6,19:21:51,339
0181,2022/8/15,17:25:23,175
0182,2022/11/11,13:19:53,182
0183,2022/1/23,02:50:59,045
0184,2022/3/6,17:29:23,212
0185,2022/5/23,10:04:39,093
0186,2022/9/15,11:59:44,194
0187,2022/2/27,19:40:55,247
0188,2022/4/2,01:27:55,116
0189,2022/5/6,10:58:25,318
0190,2022/3/20,01:16:41,309
0191,2022/1/21,05:19:56,238
0192,2022/6/16,05:40:14,266
0193,2022/10/12,23:32:21,124
0194,2022/8/15,05:01:07,078
0195,2022/7/6,17:33:49,109
0196,2022/10/25,17:40:25,164
0197,2022/6/25,19:48:07,218
0198,2022/1/12,00:05:37,181
0199,2022/1/26,07:07:37,225
0200,2022/6/21,04:34:50,264
0201,2022/4/21,03:42:18,205
0202,2022/1/13,01:12:14,080
0203,2022/4/27,08:03:48,274
0204,2022/2/11,22:46:56,044
0205,2022/5/16,09:29:46,144
0206,2022/7/26,00:14:44,133
0207,2022/2/10,10:59:46,065
0208,2022/2/23,10:25:56,325
0209,2022/8/13,13:35:49,099
0210,2022/11/13,17:10:48,227
0211,2022/3/10,10:33:16,312
0212,2022/10/4,14:10:29,119
0213,2022/11/24,03:18:14,158
0214,2022/11/26,22:55:45,236
0215,2022/2/26,18:30:19,210
0216,2022/10/24,16:16:30,307
0217,2022/1/14,05:53:54,282
0218,2022/6/12,13:11:12,173
0219,2022/7/6,13:11:21,192
0220,2022/2/6,10:55:25,041
0221,2022/2/10,17:37:48,314
0222,2022/3/18,21:39:04,130
0223,2022/5/7,01:21:45,088
0224,2022/5/18,18:21:53,051
0225,2022/7/22,01:02:08,127
0226,2022/2/18,03:20:54,180
0227,2022/4/26,22:01:49,129
0228,2022/8/22,14:21:45,245
0229,2022/5/2,03:06:41,186
0230,2022/6/17,08:52:16,050
0231,2022/6/5,21:49:27,120
0232,2022/3/23,16:34:12,068
0233,2022/5/19,19:46:55,134
0234,2022/11/1,09:31:20,062
0235,2022/10/12,16:32:07,271
0236,2022/8/18,17:16:57,330
0237,2022/3/25,18:21:46,172
0238,2022/6/16,17:50:05,101
0239,2022/2/12,12:51:29,188
0240,2022/7/13,02:49:21,183
0241,2022/7/18,06:19:08,074
0242,2022/5/17,16:47:03,139
0243,2022/4/3,07:53:08,123
0244,2022/9/18,06:57:46,259
0245,2022/10/20,09:57:46,337
0246,2022/7/1,16:06:28,263
0247,2022/11/4,16:20:08,071
0248,2022/8/17,06:13:04,286
0249,2022/4/6,00:08:48,171
0250,2022/8/19,17:44:16,073
0251,2022/5/25,10:23:05,056
0252,2022/4/6,04:14:01,255
0253,2022/11/2,09:10:49,157
0254,2022/8/15,03:02:15,207
0255,2022/11/3,17:56:08,243
0256,2022/2/4,06:50:45,220
0257,2022/10/7,13:26:47,253
0258,2022/7/22,09:12:25,313
0259,2022/2/1,00:18:17,111
0260,2022/1/2,01:54:53,138
0261,2022/11/17,01:23:01,150
0262,2022/5/4,07:30:34,152
0263,2022/6/6,23:24:55,296
0264,2022/6/24,10:56:03,053
0265,2022/6/20,10:54:27,336
0266,2022/5/4,00:54:43,136
0267,2022/10/25,00:01:14,335
0268,2022/8/21,15:54:28,131
0269,2022/11/4,09:12:57,203
0270,2022/1/3,16:13:10,151
0271,2022/8/1,06:33:38,235
0272,2022/8/2,23:14:43,057
0273,2022/7/16,16:30:21,273
0274,2022/9/16,14:54:27,052
0275,2022/5/8,12:42:06,148
0276,2022/9/13,00:09:37,087
0277,2022/8/25,21:23:18,216
0278,2022/6/19,00:59:08,198
0279,2022/4/11,08:02:17,162
0280,2022/11/19,04:51:29,265
0281,2022/5/10,08:33:56,223
0282,2022/10/16,04:58:53,086
0283,2022/11/16,14:22:42,284
0284,2022/8/16,22:34:07,231
0285,2022/5/18,11:18:17,319
0286,2022/11/1,20:18:43,233
0287,2022/1/3,01:12:02,258
0288,2022/10/25,11:16:18,285
0289,2022/7/2,16:18:15,126
0290,2022/5/7,07:55:40,206
0291,2022/7/24,10:26:28,224
0292,2022/10/25,23:46:44,242
0293,2022/9/19,07:55:50,143
0294,2022/10/9,14:18:09,295
0295,2022/8/11,20:33:46,249
0296,2022/6/27,16:23:05,169
0297,2022/4/23,06:44:41,288
0298,2022/4/11,14:58:43,234
0299,2022/2/8,00:14:51,145
